filepath,label,source,split,duration_s,sample_rate,seed_for_split,consent_basis,uuid,gender,weeks,filename_label_mismatch,source_filepath
data/synth/belly_pain/0_00000.pt,belly_pain,ddpm_synthetic,train,,,,synthetic_no_real_clip,,,,0,
data/synth/belly_pain/0_00001.pt,belly_pain,ddpm_synthetic,train,,,,synthetic_no_real_clip,,,,0,
data/synth/belly_pain/0_00002.pt,belly_pain,ddpm_synthetic,train,,,,synthetic_no_real_clip,,,,0,
data/synth/belly_pain/0_00003.pt,belly_pain,ddpm_synthetic,train,,,,synthetic_no_real_clip,,,,0,
data/synth/belly_pain/0_00004.pt,belly_pain,ddpm_synthetic,train,,,,synthetic_no_real_clip,,,,0,
data/synth/belly_pain/0_00005.pt,belly_pain,ddpm_synthetic,train,,,,synthetic_no_real_clip,,,,0,
data/synth/belly_pain/0_00006.pt,belly_pain,ddpm_synthetic,train,,,,synthetic_no_real_clip,,,,0,
data/synth/belly_pain/0_00007.pt,belly_pain,ddpm_synthetic,train,,,,synthetic_no_real_clip,,,,0,
data/synth/belly_pain/0_00008.pt,belly_pain,ddpm_synthetic,train,,,,synthetic_no_real_clip,,,,0,
data/synth/belly_pain/0_00009.pt,belly_pain,ddpm_synthetic,train,,,,synthetic_no_real_clip,,,,0,
data/synth/belly_pain/0_00010.pt,belly_pain,ddpm_synthetic,train,,,,synthetic_no_real_clip,,,,0,
data/synth/belly_pain/0_00011.pt,belly_pain,ddpm_synthetic,train,,,,synthetic_no_real_clip,,,,0,
data/synth/belly_pain/0_00012.pt,belly_pain,ddpm_synthetic,train,,,,synthetic_no_real_clip,,,,0,
data/synth/belly_pain/0_00013.pt,belly_pain,ddpm_synthetic,train,,,,synthetic_no_real_clip,,,,0,
data/synth/belly_pain/0_00014.pt,belly_pain,ddpm_synthetic,train,,,,synthetic_no_real_clip,,,,0,
data/synth/belly_pain/0_00015.pt,belly_pain,ddpm_synthetic,train,,,,synthetic_no_real_clip,,,,0,
data/synth/belly_pain/0_00016.pt,belly_pain,ddpm_synthetic,train,,,,synthetic_no_real_clip,,,,0,
data/synth/belly_pain/0_00017.pt,belly_pain,ddpm_synthetic,train,,,,synthetic_no_real_clip,,,,0,
data/synth/belly_pain/0_00018.pt,belly_pain,ddpm_synthetic,train,,,,synthetic_no_real_clip,,,,0,
data/synth/belly_pain/0_00019.pt,belly_pain,ddpm_synthetic,train,,,,synthetic_no_real_clip,,,,0,
data/synth/belly_pain/0_00020.pt,belly_pain,ddpm_synthetic,train,,,,synthetic_no_real_clip,,,,0,
data/synth/belly_pain/0_00021.pt,belly_pain,ddpm_synthetic,train,,,,synthetic_no_real_clip,,,,0,
data/synth/belly_pain/0_00022.pt,belly_pain,ddpm_synthetic,train,,,,synthetic_no_real_clip,,,,0,
data/synth/belly_pain/0_00023.pt,belly_pain,ddpm_synthetic,train,,,,synthetic_no_real_clip,,,,0,
data/synth/belly_pain/0_00024.pt,belly_pain,ddpm_synthetic,train,,,,synthetic_no_real_clip,,,,0,
data/synth/belly_pain/0_00025.pt,belly_pain,ddpm_synthetic,train,,,,synthetic_no_real_clip,,,,0,
data/synth/belly_pain/0_00026.pt,belly_pain,ddpm_synthetic,train,,,,synthetic_no_real_clip,,,,0,
data/synth/belly_pain/0_00027.pt,belly_pain,ddpm_synthetic,train,,,,synthetic_no_real_clip,,,,0,
data/synth/belly_pain/0_00028.pt,belly_pain,ddpm_synthetic,train,,,,synthetic_no_real_clip,,,,0,
data/synth/belly_pain/0_00029.pt,belly_pain,ddpm_synthetic,train,,,,synthetic_no_real_clip,,,,0,
data/synth/belly_pain/0_00030.pt,belly_pain,ddpm_synthetic,train,,,,synthetic_no_real_clip,,,,0,
data/synth/belly_pain/0_00031.pt,belly_pain,ddpm_synthetic,train,,,,synthetic_no_real_clip,,,,0,
data/synth/belly_pain/0_00032.pt,belly_pain,ddpm_synthetic,train,,,,synthetic_no_real_clip,,,,0,
data/synth/belly_pain/0_00033.pt,belly_pain,ddpm_synthetic,train,,,,synthetic_no_real_clip,,,,0,
data/synth/belly_pain/0_00034.pt,belly_pain,ddpm_synthetic,train,,,,synthetic_no_real_clip,,,,0,
data/synth/belly_pain/0_00035.pt,belly_pain,ddpm_synthetic,train,,,,synthetic_no_real_clip,,,,0,
data/synth/belly_pain/0_00036.pt,belly_pain,ddpm_synthetic,train,,,,synthetic_no_real_clip,,,,0,
data/synth/belly_pain/0_00037.pt,belly_pain,ddpm_synthetic,train,,,,synthetic_no_real_clip,,,,0,
data/synth/belly_pain/0_00038.pt,belly_pain,ddpm_synthetic,train,,,,synthetic_no_real_clip,,,,0,
data/synth/belly_pain/0_00039.pt,belly_pain,ddpm_synthetic,train,,,,synthetic_no_real_clip,,,,0,
data/synth/belly_pain/0_00040.pt,belly_pain,ddpm_synthetic,train,,,,synthetic_no_real_clip,,,,0,
data/synth/belly_pain/0_00041.pt,belly_pain,ddpm_synthetic,train,,,,synthetic_no_real_clip,,,,0,
data/synth/belly_pain/0_00042.pt,belly_pain,ddpm_synthetic,train,,,,synthetic_no_real_clip,,,,0,
data/synth/belly_pain/0_00043.pt,belly_pain,ddpm_synthetic,train,,,,synthetic_no_real_clip,,,,0,
data/synth/belly_pain/0_00044.pt,belly_pain,ddpm_synthetic,train,,,,synthetic_no_real_clip,,,,0,
data/synth/belly_pain/0_00045.pt,belly_pain,ddpm_synthetic,train,,,,synthetic_no_real_clip,,,,0,
data/synth/belly_pain/0_00046.pt,belly_pain,ddpm_synthetic,train,,,,synthetic_no_real_clip,,,,0,
data/synth/belly_pain/0_00047.pt,belly_pain,ddpm_synthetic,train,,,,synthetic_no_real_clip,,,,0,
data/synth/belly_pain/0_00048.pt,belly_pain,ddpm_synthetic,train,,,,synthetic_no_real_clip,,,,0,
data/synth/belly_pain/0_00049.pt,belly_pain,ddpm_synthetic,train,,,,synthetic_no_real_clip,,,,0,
data/synth/belly_pain/0_00050.pt,belly_pain,ddpm_synthetic,train,,,,synthetic_no_real_clip,,,,0,
data/synth/belly_pain/0_00051.pt,belly_pain,ddpm_synthetic,train,,,,synthetic_no_real_clip,,,,0,
data/synth/belly_pain/0_00052.pt,belly_pain,ddpm_synthetic,train,,,,synthetic_no_real_clip,,,,0,
data/synth/belly_pain/0_00053.pt,belly_pain,ddpm_synthetic,train,,,,synthetic_no_real_clip,,,,0,
data/synth/belly_pain/0_00054.pt,belly_pain,ddpm_synthetic,train,,,,synthetic_no_real_clip,,,,0,
data/synth/belly_pain/0_00055.pt,belly_pain,ddpm_synthetic,train,,,,synthetic_no_real_clip,,,,0,
data/synth/belly_pain/0_00056.pt,belly_pain,ddpm_synthetic,train,,,,synthetic_no_real_clip,,,,0,
data/synth/belly_pain/0_00057.pt,belly_pain,ddpm_synthetic,train,,,,synthetic_no_real_clip,,,,0,
data/synth/belly_pain/0_00058.pt,belly_pain,ddpm_synthetic,train,,,,synthetic_no_real_clip,,,,0,
data/synth/belly_pain/0_00059.pt,belly_pain,ddpm_synthetic,train,,,,synthetic_no_real_clip,,,,0,
data/synth/belly_pain/0_00060.pt,belly_pain,ddpm_synthetic,train,,,,synthetic_no_real_clip,,,,0,
data/synth/belly_pain/0_00061.pt,belly_pain,ddpm_synthetic,train,,,,synthetic_no_real_clip,,,,0,
data/synth/belly_pain/0_00062.pt,belly_pain,ddpm_synthetic,train,,,,synthetic_no_real_clip,,,,0,
data/synth/belly_pain/0_00063.pt,belly_pain,ddpm_synthetic,train,,,,synthetic_no_real_clip,,,,0,
data/synth/belly_pain/0_00064.pt,belly_pain,ddpm_synthetic,train,,,,synthetic_no_real_clip,,,,0,
data/synth/belly_pain/0_00065.pt,belly_pain,ddpm_synthetic,train,,,,synthetic_no_real_clip,,,,0,
data/synth/belly_pain/0_00066.pt,belly_pain,ddpm_synthetic,train,,,,synthetic_no_real_clip,,,,0,
data/synth/belly_pain/0_00067.pt,belly_pain,ddpm_synthetic,train,,,,synthetic_no_real_clip,,,,0,
data/synth/belly_pain/0_00068.pt,belly_pain,ddpm_synthetic,train,,,,synthetic_no_real_clip,,,,0,
data/synth/belly_pain/0_00069.pt,belly_pain,ddpm_synthetic,train,,,,synthetic_no_real_clip,,,,0,
data/synth/belly_pain/0_00070.pt,belly_pain,ddpm_synthetic,train,,,,synthetic_no_real_clip,,,,0,
data/synth/belly_pain/0_00071.pt,belly_pain,ddpm_synthetic,train,,,,synthetic_no_real_clip,,,,0,
data/synth/belly_pain/0_00072.pt,belly_pain,ddpm_synthetic,train,,,,synthetic_no_real_clip,,,,0,
data/synth/belly_pain/0_00073.pt,belly_pain,ddpm_synthetic,train,,,,synthetic_no_real_clip,,,,0,
data/synth/belly_pain/0_00074.pt,belly_pain,ddpm_synthetic,train,,,,synthetic_no_real_clip,,,,0,
data/synth/belly_pain/0_00075.pt,belly_pain,ddpm_synthetic,train,,,,synthetic_no_real_clip,,,,0,
data/synth/belly_pain/0_00076.pt,belly_pain,ddpm_synthetic,train,,,,synthetic_no_real_clip,,,,0,
data/synth/belly_pain/0_00077.pt,belly_pain,ddpm_synthetic,train,,,,synthetic_no_real_clip,,,,0,
data/synth/belly_pain/0_00078.pt,belly_pain,ddpm_synthetic,train,,,,synthetic_no_real_clip,,,,0,
data/synth/belly_pain/0_00079.pt,belly_pain,ddpm_synthetic,train,,,,synthetic_no_real_clip,,,,0,
data/synth/belly_pain/0_00080.pt,belly_pain,ddpm_synthetic,train,,,,synthetic_no_real_clip,,,,0,
data/synth/belly_pain/0_00081.pt,belly_pain,ddpm_synthetic,train,,,,synthetic_no_real_clip,,,,0,
data/synth/belly_pain/0_00082.pt,belly_pain,ddpm_synthetic,train,,,,synthetic_no_real_clip,,,,0,
data/synth/belly_pain/0_00083.pt,belly_pain,ddpm_synthetic,train,,,,synthetic_no_real_clip,,,,0,
data/synth/belly_pain/0_00084.pt,belly_pain,ddpm_synthetic,train,,,,synthetic_no_real_clip,,,,0,
data/synth/belly_pain/0_00085.pt,belly_pain,ddpm_synthetic,train,,,,synthetic_no_real_clip,,,,0,
data/synth/belly_pain/0_00086.pt,belly_pain,ddpm_synthetic,train,,,,synthetic_no_real_clip,,,,0,
data/synth/belly_pain/0_00087.pt,belly_pain,ddpm_synthetic,train,,,,synthetic_no_real_clip,,,,0,
data/synth/belly_pain/0_00088.pt,belly_pain,ddpm_synthetic,train,,,,synthetic_no_real_clip,,,,0,
data/synth/belly_pain/0_00089.pt,belly_pain,ddpm_synthetic,train,,,,synthetic_no_real_clip,,,,0,
data/synth/belly_pain/0_00090.pt,belly_pain,ddpm_synthetic,train,,,,synthetic_no_real_clip,,,,0,
data/synth/belly_pain/0_00091.pt,belly_pain,ddpm_synthetic,train,,,,synthetic_no_real_clip,,,,0,
data/synth/belly_pain/0_00092.pt,belly_pain,ddpm_synthetic,train,,,,synthetic_no_real_clip,,,,0,
data/synth/belly_pain/0_00093.pt,belly_pain,ddpm_synthetic,train,,,,synthetic_no_real_clip,,,,0,
data/synth/belly_pain/0_00094.pt,belly_pain,ddpm_synthetic,train,,,,synthetic_no_real_clip,,,,0,
data/synth/belly_pain/0_00095.pt,belly_pain,ddpm_synthetic,train,,,,synthetic_no_real_clip,,,,0,
data/synth/belly_pain/0_00096.pt,belly_pain,ddpm_synthetic,train,,,,synthetic_no_real_clip,,,,0,
data/synth/belly_pain/0_00097.pt,belly_pain,ddpm_synthetic,train,,,,synthetic_no_real_clip,,,,0,
data/synth/belly_pain/0_00098.pt,belly_pain,ddpm_synthetic,train,,,,synthetic_no_real_clip,,,,0,
data/synth/belly_pain/0_00099.pt,belly_pain,ddpm_synthetic,train,,,,synthetic_no_real_clip,,,,0,
data/synth/belly_pain/0_00100.pt,belly_pain,ddpm_synthetic,train,,,,synthetic_no_real_clip,,,,0,
data/synth/belly_pain/0_00101.pt,belly_pain,ddpm_synthetic,train,,,,synthetic_no_real_clip,,,,0,
data/synth/belly_pain/0_00102.pt,belly_pain,ddpm_synthetic,train,,,,synthetic_no_real_clip,,,,0,
data/synth/belly_pain/0_00103.pt,belly_pain,ddpm_synthetic,train,,,,synthetic_no_real_clip,,,,0,
data/synth/belly_pain/0_00104.pt,belly_pain,ddpm_synthetic,train,,,,synthetic_no_real_clip,,,,0,
data/synth/belly_pain/0_00105.pt,belly_pain,ddpm_synthetic,train,,,,synthetic_no_real_clip,,,,0,
data/synth/belly_pain/0_00106.pt,belly_pain,ddpm_synthetic,train,,,,synthetic_no_real_clip,,,,0,
data/synth/belly_pain/0_00107.pt,belly_pain,ddpm_synthetic,train,,,,synthetic_no_real_clip,,,,0,
data/synth/belly_pain/0_00108.pt,belly_pain,ddpm_synthetic,train,,,,synthetic_no_real_clip,,,,0,
data/synth/belly_pain/0_00109.pt,belly_pain,ddpm_synthetic,train,,,,synthetic_no_real_clip,,,,0,
data/synth/burping/0_00000.pt,burping,ddpm_synthetic,train,,,,synthetic_no_real_clip,,,,0,
data/synth/burping/0_00001.pt,burping,ddpm_synthetic,train,,,,synthetic_no_real_clip,,,,0,
data/synth/burping/0_00002.pt,burping,ddpm_synthetic,train,,,,synthetic_no_real_clip,,,,0,
data/synth/burping/0_00003.pt,burping,ddpm_synthetic,train,,,,synthetic_no_real_clip,,,,0,
data/synth/burping/0_00004.pt,burping,ddpm_synthetic,train,,,,synthetic_no_real_clip,,,,0,
data/synth/burping/0_00005.pt,burping,ddpm_synthetic,train,,,,synthetic_no_real_clip,,,,0,
data/synth/burping/0_00006.pt,burping,ddpm_synthetic,train,,,,synthetic_no_real_clip,,,,0,
data/synth/burping/0_00007.pt,burping,ddpm_synthetic,train,,,,synthetic_no_real_clip,,,,0,
data/synth/burping/0_00008.pt,burping,ddpm_synthetic,train,,,,synthetic_no_real_clip,,,,0,
data/synth/burping/0_00009.pt,burping,ddpm_synthetic,train,,,,synthetic_no_real_clip,,,,0,
data/synth/burping/0_00010.pt,burping,ddpm_synthetic,train,,,,synthetic_no_real_clip,,,,0,
data/synth/burping/0_00011.pt,burping,ddpm_synthetic,train,,,,synthetic_no_real_clip,,,,0,
data/synth/burping/0_00012.pt,burping,ddpm_synthetic,train,,,,synthetic_no_real_clip,,,,0,
data/synth/burping/0_00013.pt,burping,ddpm_synthetic,train,,,,synthetic_no_real_clip,,,,0,
data/synth/burping/0_00014.pt,burping,ddpm_synthetic,train,,,,synthetic_no_real_clip,,,,0,
data/synth/burping/0_00015.pt,burping,ddpm_synthetic,train,,,,synthetic_no_real_clip,,,,0,
data/synth/burping/0_00016.pt,burping,ddpm_synthetic,train,,,,synthetic_no_real_clip,,,,0,
data/synth/burping/0_00017.pt,burping,ddpm_synthetic,train,,,,synthetic_no_real_clip,,,,0,
data/synth/burping/0_00018.pt,burping,ddpm_synthetic,train,,,,synthetic_no_real_clip,,,,0,
data/synth/burping/0_00019.pt,burping,ddpm_synthetic,train,,,,synthetic_no_real_clip,,,,0,
data/synth/burping/0_00020.pt,burping,ddpm_synthetic,train,,,,synthetic_no_real_clip,,,,0,
data/synth/burping/0_00021.pt,burping,ddpm_synthetic,train,,,,synthetic_no_real_clip,,,,0,
data/synth/burping/0_00022.pt,burping,ddpm_synthetic,train,,,,synthetic_no_real_clip,,,,0,
data/synth/burping/0_00023.pt,burping,ddpm_synthetic,train,,,,synthetic_no_real_clip,,,,0,
data/synth/burping/0_00024.pt,burping,ddpm_synthetic,train,,,,synthetic_no_real_clip,,,,0,
data/synth/burping/0_00025.pt,burping,ddpm_synthetic,train,,,,synthetic_no_real_clip,,,,0,
data/synth/burping/0_00026.pt,burping,ddpm_synthetic,train,,,,synthetic_no_real_clip,,,,0,
data/synth/burping/0_00027.pt,burping,ddpm_synthetic,train,,,,synthetic_no_real_clip,,,,0,
data/synth/burping/0_00028.pt,burping,ddpm_synthetic,train,,,,synthetic_no_real_clip,,,,0,
data/synth/burping/0_00029.pt,burping,ddpm_synthetic,train,,,,synthetic_no_real_clip,,,,0,
data/synth/burping/0_00030.pt,burping,ddpm_synthetic,train,,,,synthetic_no_real_clip,,,,0,
data/synth/burping/0_00031.pt,burping,ddpm_synthetic,train,,,,synthetic_no_real_clip,,,,0,
data/synth/burping/0_00032.pt,burping,ddpm_synthetic,train,,,,synthetic_no_real_clip,,,,0,
data/synth/burping/0_00033.pt,burping,ddpm_synthetic,train,,,,synthetic_no_real_clip,,,,0,
data/synth/burping/0_00034.pt,burping,ddpm_synthetic,train,,,,synthetic_no_real_clip,,,,0,
data/synth/burping/0_00035.pt,burping,ddpm_synthetic,train,,,,synthetic_no_real_clip,,,,0,
data/synth/burping/0_00036.pt,burping,ddpm_synthetic,train,,,,synthetic_no_real_clip,,,,0,
data/synth/burping/0_00037.pt,burping,ddpm_synthetic,train,,,,synthetic_no_real_clip,,,,0,
data/synth/burping/0_00038.pt,burping,ddpm_synthetic,train,,,,synthetic_no_real_clip,,,,0,
data/synth/burping/0_00039.pt,burping,ddpm_synthetic,train,,,,synthetic_no_real_clip,,,,0,
data/synth/burping/0_00040.pt,burping,ddpm_synthetic,train,,,,synthetic_no_real_clip,,,,0,
data/synth/burping/0_00041.pt,burping,ddpm_synthetic,train,,,,synthetic_no_real_clip,,,,0,
data/synth/burping/0_00042.pt,burping,ddpm_synthetic,train,,,,synthetic_no_real_clip,,,,0,
data/synth/burping/0_00043.pt,burping,ddpm_synthetic,train,,,,synthetic_no_real_clip,,,,0,
data/synth/burping/0_00044.pt,burping,ddpm_synthetic,train,,,,synthetic_no_real_clip,,,,0,
data/synth/burping/0_00045.pt,burping,ddpm_synthetic,train,,,,synthetic_no_real_clip,,,,0,
data/synth/burping/0_00046.pt,burping,ddpm_synthetic,train,,,,synthetic_no_real_clip,,,,0,
data/synth/burping/0_00047.pt,burping,ddpm_synthetic,train,,,,synthetic_no_real_clip,,,,0,
data/synth/burping/0_00048.pt,burping,ddpm_synthetic,train,,,,synthetic_no_real_clip,,,,0,
data/synth/burping/0_00049.pt,burping,ddpm_synthetic,train,,,,synthetic_no_real_clip,,,,0,
data/synth/burping/0_00050.pt,burping,ddpm_synthetic,train,,,,synthetic_no_real_clip,,,,0,
data/synth/burping/0_00051.pt,burping,ddpm_synthetic,train,,,,synthetic_no_real_clip,,,,0,
data/synth/burping/0_00052.pt,burping,ddpm_synthetic,train,,,,synthetic_no_real_clip,,,,0,
data/synth/burping/0_00053.pt,burping,ddpm_synthetic,train,,,,synthetic_no_real_clip,,,,0,
data/synth/burping/0_00054.pt,burping,ddpm_synthetic,train,,,,synthetic_no_real_clip,,,,0,
data/synth/burping/0_00055.pt,burping,ddpm_synthetic,train,,,,synthetic_no_real_clip,,,,0,
data/synth/burping/0_00056.pt,burping,ddpm_synthetic,train,,,,synthetic_no_real_clip,,,,0,
data/synth/burping/0_00057.pt,burping,ddpm_synthetic,train,,,,synthetic_no_real_clip,,,,0,
data/synth/burping/0_00058.pt,burping,ddpm_synthetic,train,,,,synthetic_no_real_clip,,,,0,
data/synth/burping/0_00059.pt,burping,ddpm_synthetic,train,,,,synthetic_no_real_clip,,,,0,
